arquivo,tipo,ref,legenda,pagina,largura,altura,metodo
ccl_ambiente_p002_01.jpg,,,,2,1907,1050,jpx->jpg
ccl_ambiente_p003_02.jpg,,,,3,1990,1005,jpx->jpg
ccl_rack_2470_ambiente.jpg,Rack,2470,Rack 2470,4,1414,954,jpx->jpg
ccl_buffet_231_01.jpg,Buffet,231,Buffet 231,4,776,460,jpx->jpg
ccl_rack_rz9000_ambiente.jpg,Rack,RZ9000,Rack RZ9000,5,1414,952,jpx->jpg
ccl_rack_rz9000_01.jpg,Rack,RZ9000,Rack RZ9000,5,719,603,jpx->jpg
ccl_aparador_rz9001_01.jpg,Aparador,RZ9001,Aparador RZ9001,5,718,603,jpx->jpg
ccl_rack_rz9025_ambiente.jpg,Rack,RZ9025,Rack RZ9025,6,1414,954,jpx->jpg
ccl_rack_rz9013_01.jpg,Rack,RZ9013,Rack RZ9013,6,1014,603,jpx->jpg
ccl_aparador_rz9008_ambiente.jpg,Aparador,RZ9008,Aparador RZ9008,7,1414,954,jpx->jpg
ccl_rack_rz9007_01.jpg,Rack,RZ9007,Rack RZ9007,7,718,598,jpx->jpg
ccl_aparador_rz9008_01.jpg,Aparador,RZ9008,Aparador RZ9008,7,719,598,jpx->jpg
ccl_rack_2472_ambiente.jpg,Rack,2472,Rack 2472,8,1414,954,jpx->jpg
ccl_rack_2471_01.jpg,Rack,2471,Rack 2471,8,719,435,jpx->jpg
ccl_rack_2473_01.jpg,Rack,2473,Rack 2473,8,717,435,jpx->jpg
ccl_aparador_2480_ambiente.jpg,Aparador,2480,Aparador 2480,9,1419,954,jpx->jpg
ccl_aparador_2481_01.jpg,Aparador,2481,Aparador 2481,9,1019,602,jpx->jpg
ccl_aparador_2483_01.jpg,Aparador,2483,Aparador 2483,10,1017,602,jpx->jpg
ccl_ambiente_p010_03.jpg,,,,10,1419,954,jpx->jpg
ccl_ambiente_p011_04.jpg,,,,11,1417,954,jpx->jpg
ccl_banco_rattan_2438_01.jpg,Bancorattan,2438,Bancorattan 2438,11,1013,603,jpx->jpg
ccl_buffet_240_ambiente.jpg,Buffet,240,Buffet 240,12,1414,954,jpx->jpg
ccl_buffet_240_01.jpg,Buffet,240,Buffet 240,12,713,452,jpx->jpg
ccl_buffet_241_01.jpg,Buffet,241,Buffet 241,12,707,453,jpx->jpg
ccl_buffet_242_01.jpg,Buffet,242,Buffet 242,13,702,602,jpx->jpg
ccl_buffet_243_01.jpg,Buffet,243,Buffet 243,13,732,602,jpx->jpg
ccl_ambiente_p013_05.jpg,,,,13,1419,954,jpx->jpg
ccl_buffet_244_ambiente.jpg,Buffet,244,Buffet 244,14,1417,954,jpx->jpg
ccl_buffet_244_01.jpg,Buffet,244,Buffet 244,14,728,434,jpx->jpg
ccl_buffet_244_02.jpg,Buffet,244,Buffet 244,14,781,781,jpx->jpg
ccl_ambiente_p015_06.jpg,,,,15,1414,954,jpx->jpg
ccl_rack_232_01.jpg,Rack,232,Rack 232,15,1019,603,jpx->jpg
ccl_rack_233_ambiente.jpg,Rack,233,Rack 233,16,1414,952,jpx->jpg
ccl_aparador_2380_01.jpg,Aparador,2380,Aparador 2380,16,1019,602,jpx->jpg
ccl_ambiente_p017_07.jpg,,,,17,1995,1006,jpx->jpg
ccl_cama_24138_01.jpg,Cama,24138,Cama 24138 / 24158,18,957,600,jpx->jpg
ccl_ambiente_p018_08.jpg,,,,18,1414,928,jpx->jpg
ccl_comoda_2348_01.jpg,Cômoda,2348,Cômoda 2348,19,846,642,jpx->jpg
ccl_mesa_de_cabeceira_2440_01.jpg,Mesa de Cabeceira,2440,Mesa de Cabeceira 2440,19,678,679,jpx->jpg
ccl_mesa_de_cabeceira_2441_01.jpg,Mesa de Cabeceira,2441,Mesa de Cabeceira 2441,19,678,679,jpx->jpg
ccl_cama_24438_ambiente.jpg,Cama,24438,Cama 24438 / 24458,20,1288,928,jpx->jpg
ccl_cama_24338_01.jpg,Cama,24338,Cama 24338 / 24358,20,1014,602,jpx->jpg
ccl_ambiente_p021_09.jpg,,,,21,1990,1005,jpx->jpg
ccl_mesa_2451_01.jpg,Mesa,2451,Mesa 2451 e Cadeira 2465,22,956,637,jpx->jpg
ccl_mesa_2452_ambiente.jpg,Mesa,2452,Mesa 2452 e cadeira 2466,22,1414,954,jpx->jpg
ccl_cadeira_2460_ambiente.jpg,Cadeira,2460,Cadeira 2460,23,1385,954,jpx->jpg
ccl_mesa_2452_01.jpg,Mesa,2452,Mesa 2452 e Cadeira 2468,23,1014,685,jpx->jpg
ccl_mesa_2351_ambiente.jpg,Mesa,2351,Mesa 2351 e Cadeira 2462,24,1414,954,jpx->jpg
ccl_mesa_2355_01.jpg,Mesa,2355,Mesa 2355 e Cadeira 2467,24,1017,602,jpx->jpg
ccl_mesa_2453_ambiente.jpg,Mesa,2453,Mesa 2453 e Cadeira 2464,25,1414,954,jpx->jpg
ccl_cadeira_2460_01.jpg,Cadeira,2460,Cadeira 2460,25,702,602,jpx->jpg
ccl_cadeira_2460_02.jpg,Cadeira,2460,Cadeira 2460,25,732,602,jpx->jpg
ccl_cadeira_2461_01.jpg,Cadeira,2461,Cadeira 2461,26,702,602,jpx->jpg
ccl_cadeira_2462_01.jpg,Cadeira,2462,Cadeira 2462,26,655,602,jpx->jpg
ccl_cadeira_2463_01.jpg,Cadeira,2463,Cadeira 2463,26,642,602,jpx->jpg
ccl_cadeira_2464_01.jpg,Cadeira,2464,Cadeira 2464,26,661,603,jpx->jpg
ccl_cadeira_2465_01.jpg,Cadeira,2465,Cadeira 2465,27,702,602,jpx->jpg
ccl_cadeira_2466_01.jpg,Cadeira,2466,Cadeira 2466,27,735,603,jpx->jpg
ccl_ambiente_p027_10.jpg,,,,27,642,602,jpx->jpg
ccl_cadeira_2467_01.jpg,Cadeira,2467,Cadeira 2467,27,661,603,jpx->jpg
ccl_cadeira_2468_01.jpg,Cadeira,2468,Cadeira 2468,28,635,602,jpx->jpg
ccl_poltrona_2335_01.jpg,Poltrona,2335,Poltrona 2335,28,757,649,jpx->jpg
ccl_cadeira_2360_01.jpg,Cadeira,2360,Cadeira 2360,28,688,603,jpx->jpg
ccl_cadeira_2366_01.jpg,Cadeira,2366,Cadeira 2366,28,587,587,jpx->jpg
ccl_ambiente_p029_11.jpg,,,,29,1418,954,jpx->jpg
ccl_mesa_2350_01.jpg,Mesa,2350,Mesa 2350,29,845,520,jpx->jpg
ccl_cadeira_medalhao_2369_01.jpg,Cadeira Medalhão,2369,Cadeira Medalhão 2369,29,613,666,jpx->jpg
ccl_ambiente_p030_12.jpg,,,,30,1419,954,jpx->jpg
ccl_conjunto_de_mesas_2423_01.jpg,Conjunto de Mesas,2423,Conjunto de Mesas 2423,30,719,602,jpx->jpg
ccl_conjunto_de_mesas_2420_01.jpg,Conjunto de Mesas,2420,Conjunto de Mesas 2420,30,719,603,jpx->jpg
ccl_ambiente_p031_13.jpg,,,,31,1419,954,jpx->jpg
ccl_conjunto_de_mesas_2422_01.jpg,Conjunto de Mesas,2422,Conjunto de Mesas 2422,31,642,582,jpx->jpg
ccl_mesa_de_centro_2421_01.jpg,Mesa de Centro,2421,Mesa de Centro 2421,31,691,582,jpx->jpg
ccl_ambiente_p032_14.jpg,,,,32,1414,954,jpx->jpg
ccl_conjunto_de_mesas_2424_01.jpg,Conjunto de Mesas,2424,Conjunto de Mesas 2424,32,719,603,jpx->jpg
ccl_conjunto_de_mesas_2425_01.jpg,Conjunto de Mesas,2425,Conjunto de Mesas 2425,32,703,603,jpx->jpg
ccl_ambiente_p033_15.jpg,,,,33,1414,954,jpx->jpg
ccl_ambiente_p033_16.jpg,,,,33,719,603,jpx->jpg
ccl_conjunto_de_mesas_2427_01.jpg,Conjunto de Mesas,2427,Conjunto de Mesas 2427,33,716,603,jpx->jpg
ccl_ambiente_p034_17.jpg,,,,34,1414,954,jpx->jpg
ccl_conjunto_de_mesas_2428_01.jpg,Conjuntodemesas,2428,Conjuntodemesas 2428,34,734,603,jpx->jpg
ccl_mesa_de_centro_2429_01.jpg,Mesa de Centro,2429,Mesa de Centro 2429,35,961,603,jpx->jpg
ccl_ambiente_p035_18.jpg,,,,35,1414,954,jpx->jpg
ccl_mesa_de_apoio_2431_ambiente.jpg,Mesa de Apoio,2431,Mesa de Apoio 2431,36,1419,935,jpx->jpg
ccl_mesa_de_apoio_2433_01.jpg,Mesa de Apoio,2433,Mesa de Apoio 2433,36,1014,602,jpx->jpg
ccl_mesa_lateral_2436_01.jpg,Mesa Lateral,2436,Mesa Lateral 2436,37,1014,602,jpx->jpg
ccl_mesa_de_apoio_2432_ambiente.jpg,Mesa de Apoio,2432,Mesa de Apoio 2432,37,1414,954,jpx->jpg
ccl_mesa_decorativa_2435_ambiente.jpg,Mesa Decorativa,2435,Mesa Decorativa 2435,38,1380,954,jpx->jpg
ccl_mesa_decorativa_2434_01.jpg,Mesa Decorativa,2434,Mesa Decorativa 2434 + Luminária 2415,38,1014,600,jpx->jpg
ccl_conjunto_de_mesas_organicas_2323_ambiente.jpg,Conjunto de Mesas Orgânicas,2323,Conjunto de Mesas Orgânicas 2323,39,1418,954,jpx->jpg
ccl_conjunto_de_mesas_organicas_2326_01.jpg,Conjunto de Mesas Orgânicas,2326,Conjunto de Mesas Orgânicas 2326,39,1019,600,jpx->jpg
ccl_conjunto_de_mesas_organicas_2325_ambiente.jpg,Conjunto de Mesas Orgânicas,2325,Conjunto de Mesas Orgânicas 2325,40,1418,954,jpx->jpg
ccl_mesa_de_centro_2327_01.jpg,Mesa de Centro,2327,Mesa de Centro 2327,40,710,603,jpx->jpg
ccl_conjunto_de_mesas_de_centro_2322_01.jpg,Conjunto de Mesas de Centro,2322,Conjunto de Mesas de Centro 2322,40,716,600,jpx->jpg
ccl_conjunto_de_mesas_decorativas_2329_ambiente.jpg,Conjunto de Mesas Decorativas,2329,Conjunto de Mesas Decorativas 2329,41,1419,954,jpx->jpg
ccl_mesa_decorativa_2330_01.jpg,Mesa Decorativa,2330,Mesa Decorativa 2330,41,1019,600,jpx->jpg
ccl_mesa_de_apoio_2332_ambiente.jpg,Mesa de Apoio,2332,Mesa de Apoio 2332,42,1419,952,jpx->jpg
ccl_mesa_de_apoio_2331_01.jpg,Mesa de Apoio,2331,Mesa de Apoio 2331,42,1019,600,jpx->jpg
ccl_ambiente_p043_19.jpg,,,,43,633,602,jpx->jpg
ccl_carrinho_246_01.jpg,Carrinho,246,Carrinho 246,43,633,603,jpx->jpg
ccl_ambiente_p043_20.jpg,,,,43,1414,954,jpx->jpg
ccl_carrinho_249_ambiente.jpg,Carrinho,249,Carrinho 249,44,1416,949,jpx->jpg
ccl_carrinho_247_01.jpg,Carrinho,247,Carrinho 247,44,598,598,jpx->jpg
ccl_carrinho_248_01.jpg,Carrinho,248,Carrinho 248,44,603,600,jpx->jpg
ccl_carrinho_234_ambiente.jpg,Carrinho,234,Carrinho 234,45,1414,954,jpx->jpg
ccl_carrinho_235_01.jpg,Carrinho,235,Carrinho 235,45,1019,602,jpx->jpg
ccl_ambiente_p046_21.jpg,,,,46,1993,1005,jpx->jpg
ccl_espelho_2410_ambiente.jpg,Espelho,2410,Espelho 2410,47,1416,954,jpx->jpg
ccl_espelho_organico_2411_01.jpg,Espelho Orgânico,2411,Espelho Orgânico 2411,47,598,598,jpx->jpg
ccl_espelho_2314_01.jpg,Espelho,2314,Espelho 2314,47,519,602,jpx->jpg
ccl_espelho_decorativo_2412_ambiente.jpg,Espelho Decorativo,2412,Espelho Decorativo 2412,48,1416,954,jpx->jpg
ccl_espelho_rattan_2413_01.jpg,Espelho Rattan,2413,Espelho Rattan 2413,48,1014,650,jpx->jpg
ccl_espelho_239_ambiente.jpg,Espelho,239,Espelho 239,49,1418,949,jpx->jpg
ccl_espelho_decorativo_2311_01.jpg,Espelho Decorativo,2311,Espelho Decorativo 2311,49,705,603,jpx->jpg
ccl_conjunto_espelhos_organicos_2317_01.jpg,Conjunto Espelhos Orgânicos,2317,Conjunto Espelhos Orgânicos 2317,49,714,600,jpx->jpg
ccl_conjunto_decorativo_com_espelho_2310_ambiente.jpg,Conjunto Decorativo com Espelho,2310,Conjunto Decorativo com Espelho 2310,50,1419,954,jpx->jpg
ccl_conjunto_decorativo_com_espelho_2312_01.jpg,Conjunto Decorativo com Espelho,2312,Conjunto Decorativo com Espelho 2312,50,718,602,jpx->jpg
ccl_conjunto_decorativo_com_espelho_2315_01.jpg,Conjunto Decorativo com Espelho,2315,Conjunto Decorativo com Espelho 2315,50,719,602,jpx->jpg
ccl_ambiente_p051_22.jpg,,,,51,1419,954,jpx->jpg
ccl_ambiente_p051_23.jpg,,,,51,598,598,jpx->jpg
ccl_luminaria_2415_01.jpg,Luminária,2415,Luminária 2415,51,549,589,jpx->jpg
ccl_luminaria_rz9021_01.jpg,Luminária,RZ9021,Luminária RZ9021,52,1014,603,jpx->jpg
ccl_relogio_2403_01.jpg,Relógio,2403,Relógio 2403,52,598,598,jpx->jpg
ccl_relogio_2401_01.jpg,Relógio,2401,Relógio 2401,52,598,598,jpx->jpg
ccl_relogio_2402_01.jpg,Relógio,2402,Relógio 2402,53,1014,629,jpx->jpg
ccl_relogio_2400_01.jpg,Relógio,2400,Relógio 2400,53,1014,679,jpx->jpg
