produto,tipo,pagina_pdf,arquivo
Massaro,ambiente,5,buriti_massaro_ambiente.jpg
Massaro,produto,6,buriti_massaro_01.jpg
Massaro,produto,6,buriti_massaro_02.jpg
Massaro,produto,6,buriti_massaro_03.jpg
Massaro,produto,6,buriti_massaro_04.jpg
Reboot,ambiente,7,buriti_reboot_ambiente.jpg
Reboot,produto,8,buriti_reboot_01.jpg
Reboot,produto,8,buriti_reboot_02.jpg
Reboot,produto,8,buriti_reboot_03.jpg
Hush,ambiente,9,buriti_hush_ambiente.jpg
Hush,produto,10,buriti_hush_01.jpg
Hush,produto,10,buriti_hush_02.jpg
Hush,produto,10,buriti_hush_03.jpg
Hush,produto,10,buriti_hush_04.jpg
Essenza,ambiente,11,buriti_essenza_ambiente.jpg
Essenza,produto,11,buriti_essenza_01.jpg
Essenza,produto,11,buriti_essenza_02.jpg
Blend,ambiente,12,buriti_blend_ambiente.jpg
Blend,produto,12,buriti_blend_01.jpg
Blend,produto,12,buriti_blend_02.jpg
Duomo,ambiente,14,buriti_duomo_ambiente.jpg
Duomo,produto,15,buriti_duomo_01.jpg
Duomo,produto,15,buriti_duomo_02.jpg
Duomo,produto,15,buriti_duomo_03.jpg
Empireo,ambiente,16,buriti_empireo_ambiente.jpg
Empireo,produto,17,buriti_empireo_01.jpg
Empireo,produto,17,buriti_empireo_02.jpg
Empireo,produto,17,buriti_empireo_03.jpg
Empireo,produto,17,buriti_empireo_04.jpg
Naturale,ambiente,18,buriti_naturale_ambiente.jpg
Naturale,produto,19,buriti_naturale_01.jpg
Naturale,produto,19,buriti_naturale_02.jpg
Naturale,produto,19,buriti_naturale_03.jpg
Naturale,produto,19,buriti_naturale_04.jpg
Beneton,ambiente,20,buriti_beneton_ambiente.jpg
Beneton,produto,21,buriti_beneton_01.jpg
Beneton,produto,21,buriti_beneton_02.jpg
Beneton,produto,21,buriti_beneton_03.jpg
Slow,ambiente,22,buriti_slow_ambiente.jpg
Slow,produto,23,buriti_slow_01.jpg
Slow,produto,23,buriti_slow_02.jpg
Slow,produto,23,buriti_slow_03.jpg
Hype,ambiente,24,buriti_hype_ambiente.jpg
Hype,produto,25,buriti_hype_01.jpg
Hype,produto,25,buriti_hype_02.jpg
Hype,produto,25,buriti_hype_03.jpg
New Audax,ambiente,26,buriti_new_audax_ambiente.jpg
New Audax,produto,27,buriti_new_audax_01.jpg
New Audax,produto,27,buriti_new_audax_02.jpg
New Audax,produto,27,buriti_new_audax_03.jpg
New Audax,produto,27,buriti_new_audax_04.jpg
Cartago,ambiente,28,buriti_cartago_ambiente.jpg
Cartago,produto,29,buriti_cartago_01.jpg
Cartago,produto,29,buriti_cartago_02.jpg
Cartago,produto,29,buriti_cartago_03.jpg
Antares,ambiente,30,buriti_antares_ambiente.jpg
Antares,produto,31,buriti_antares_01.jpg
Antares,produto,31,buriti_antares_02.jpg
Antares,produto,31,buriti_antares_03.jpg
Antares,produto,31,buriti_antares_04.jpg
Milano,ambiente,32,buriti_milano_ambiente.jpg
Milano,produto,33,buriti_milano_01.jpg
Milano,produto,33,buriti_milano_02.jpg
Milano,produto,33,buriti_milano_03.jpg
Valentina,ambiente,34,buriti_valentina_ambiente.jpg
Valentina,produto,35,buriti_valentina_01.jpg
Valentina,produto,35,buriti_valentina_02.jpg
Valentina,produto,35,buriti_valentina_03.jpg
Madri,ambiente,36,buriti_madri_ambiente.jpg
Madri,produto,37,buriti_madri_01.jpg
Madri,produto,37,buriti_madri_02.jpg
Madri,produto,37,buriti_madri_03.jpg
Austin,ambiente,38,buriti_austin_ambiente.jpg
Austin,produto,39,buriti_austin_01.jpg
Austin,produto,39,buriti_austin_02.jpg
Austin,produto,39,buriti_austin_03.jpg
Chesterfield,ambiente,41,buriti_chesterfield_ambiente.jpg
Chesterfield,produto,42,buriti_chesterfield_01.jpg
Chesterfield,produto,42,buriti_chesterfield_02.jpg
Chesterfield,produto,42,buriti_chesterfield_03.jpg
Ilha,ambiente,43,buriti_ilha_ambiente.jpg
Ilha,produto,44,buriti_ilha_01.jpg
Ilha,produto,44,buriti_ilha_02.jpg
Ilha,produto,44,buriti_ilha_03.jpg
Freedom,ambiente,45,buriti_freedom_ambiente.jpg
Freedom,produto,46,buriti_freedom_01.jpg
Freedom,produto,46,buriti_freedom_02.jpg
Freedom,produto,46,buriti_freedom_03.jpg
Freedom,produto,46,buriti_freedom_04.jpg
Sonata,ambiente,47,buriti_sonata_ambiente.jpg
Sonata,produto,48,buriti_sonata_01.jpg
Sonata,produto,48,buriti_sonata_02.jpg
Sonata,produto,48,buriti_sonata_03.jpg
Solace,ambiente,49,buriti_solace_ambiente.jpg
Solace,produto,50,buriti_solace_01.jpg
Solace,produto,50,buriti_solace_02.jpg
Solace,produto,50,buriti_solace_03.jpg
Lumier,ambiente,51,buriti_lumier_ambiente.jpg
Lumier,produto,52,buriti_lumier_01.jpg
Lumier,produto,52,buriti_lumier_02.jpg
Lumier,produto,52,buriti_lumier_03.jpg
Lumier,produto,52,buriti_lumier_04.jpg
Da Vinci,ambiente,53,buriti_da_vinci_ambiente.jpg
Da Vinci,produto,54,buriti_da_vinci_01.jpg
Da Vinci,produto,54,buriti_da_vinci_02.jpg
Da Vinci,produto,54,buriti_da_vinci_03.jpg
Trend,ambiente,55,buriti_trend_ambiente.jpg
Trend,produto,56,buriti_trend_01.jpg
Trend,produto,56,buriti_trend_02.jpg
Trend,produto,56,buriti_trend_03.jpg
Trend,produto,56,buriti_trend_04.jpg
Modulare,ambiente,57,buriti_modulare_ambiente.jpg
Modulare,produto,58,buriti_modulare_01.jpg
Modulare,produto,58,buriti_modulare_02.jpg
Modulare,produto,58,buriti_modulare_03.jpg
Allure,ambiente,59,buriti_allure_ambiente.jpg
Allure,produto,60,buriti_allure_01.jpg
Allure,produto,60,buriti_allure_02.jpg
Allure,produto,60,buriti_allure_03.jpg
Allure,produto,60,buriti_allure_04.jpg
Pluma,ambiente,61,buriti_pluma_ambiente.jpg
Pluma,produto,62,buriti_pluma_01.jpg
Pluma,produto,62,buriti_pluma_02.jpg
Pluma,produto,62,buriti_pluma_03.jpg
Oregon,ambiente,63,buriti_oregon_ambiente.jpg
Oregon,produto,64,buriti_oregon_01.jpg
Oregon,produto,64,buriti_oregon_02.jpg
Oregon,produto,64,buriti_oregon_03.jpg
Vicenzo,ambiente,65,buriti_vicenzo_ambiente.jpg
Vicenzo,produto,66,buriti_vicenzo_01.jpg
Vicenzo,produto,66,buriti_vicenzo_02.jpg
Vicenzo,produto,66,buriti_vicenzo_03.jpg
Vicenzo,produto,66,buriti_vicenzo_04.jpg
Sevilha,ambiente,67,buriti_sevilha_ambiente.jpg
Sevilha,produto,68,buriti_sevilha_01.jpg
Sevilha,produto,68,buriti_sevilha_02.jpg
Sevilha,produto,68,buriti_sevilha_03.jpg
Olden,ambiente,70,buriti_olden_ambiente.jpg
Olden,produto,70,buriti_olden_01.jpg
Olden,produto,70,buriti_olden_02.jpg
Olden,produto,70,buriti_olden_03.jpg
Melissa,ambiente,71,buriti_melissa_ambiente.jpg
Melissa,produto,71,buriti_melissa_01.jpg
Melissa,produto,71,buriti_melissa_02.jpg
Melissa,produto,71,buriti_melissa_03.jpg
Aurora,ambiente,72,buriti_aurora_ambiente.jpg
Aurora,produto,72,buriti_aurora_01.jpg
Aurora,produto,72,buriti_aurora_02.jpg
Aurora,produto,72,buriti_aurora_03.jpg
Lucy,ambiente,73,buriti_lucy_ambiente.jpg
Lucy,produto,73,buriti_lucy_01.jpg
Lucy,produto,73,buriti_lucy_02.jpg
Lucy,produto,73,buriti_lucy_03.jpg
Donatella,ambiente,74,buriti_donatella_ambiente.jpg
Donatella,produto,74,buriti_donatella_01.jpg
Donatella,produto,74,buriti_donatella_02.jpg
Donatella,produto,74,buriti_donatella_03.jpg
Luna,ambiente,75,buriti_luna_ambiente.jpg
Luna,produto,75,buriti_luna_01.jpg
Luna,produto,75,buriti_luna_02.jpg
Luna,produto,75,buriti_luna_03.jpg
Luna Chaise,ambiente,76,buriti_luna_chaise_ambiente.jpg
Luna Chaise,produto,77,buriti_luna_chaise_01.jpg
Luna Chaise,produto,77,buriti_luna_chaise_02.jpg
Luna Chaise,produto,77,buriti_luna_chaise_03.jpg
Zoe,ambiente,78,buriti_zoe_ambiente.jpg
Zoe,produto,78,buriti_zoe_01.jpg
Zoe,produto,78,buriti_zoe_02.jpg
Zoe,produto,78,buriti_zoe_03.jpg
Costela,ambiente,79,buriti_costela_ambiente.jpg
Costela,produto,79,buriti_costela_01.jpg
Costela,produto,79,buriti_costela_02.jpg
Costela,produto,79,buriti_costela_03.jpg
Mirela,ambiente,80,buriti_mirela_ambiente.jpg
Mirela,produto,80,buriti_mirela_01.jpg
Mirela,produto,80,buriti_mirela_02.jpg
Mirela,produto,80,buriti_mirela_03.jpg
Bela,ambiente,81,buriti_bela_ambiente.jpg
Bela,produto,81,buriti_bela_01.jpg
Bela,produto,81,buriti_bela_02.jpg
Bela,produto,81,buriti_bela_03.jpg
Beta,Complementos,83,buriti_beta_01.jpg
Paleta,Complementos,83,buriti_paleta_01.jpg
Round,Complementos,83,buriti_round_01.jpg
Albany,Complementos,84,buriti_albany_01.jpg
Ilha Puff,Complementos,84,buriti_ilha_puff_01.jpg
Target,Complementos,84,buriti_target_01.jpg
