produto,categoria,pagina,tagline,tecido_da_foto
Empíreo,Contemporaneo,8,Conforto que eleva o seu espaço a um nível superior.,Linho Brooks 189
Portinari,Contemporaneo,10,A ilha perfeita de conforto para o seu refúgio.,Linho Brooks 189
Torino,Contemporaneo,12,A harmonia entre inovação e exclusividade,Linho Brooks 189
Vision,Contemporaneo,14,Uma visão moderna de conforto e elegância,Linho Premium 332
Freedom,Contemporaneo,16,Sinta-se livre para relaxar como nunca antes Couro 1002,
Audax,Contemporaneo,18,"Audacioso no design, impecável no conforto.",Linho Aston  341
Donatella,Contemporaneo,20,A realeza do conforto em cada curva.,Linho Columbia 318
Mirella,Contemporaneo,21,Beleza e soﬁ sticação em um só lugar.,Linho Piemont 331
Pluma,Organico,24,Leveza e soﬁ sticação para voar alto no design.,Bouclé Sheep 311
Da Vinci,Organico,26,Curvas orgânicas de uma obra de arte que transcende o tempo e o espaço.,Bouclé Sheep 311
Scott,Organico,28,Funcionalidade e estilo em um só movimento.,Linho Itacaré 321
Melissa,Organico,30,O toque de elegância que transforma qualquer ambiente.,Linho Columbia 318
Aurora,Organico,31,Um brilho que reﬂ ete soﬁ sticação e aconchego.,Bouclé Sheep 311
Olden,Organico,32,Um clássico renovado para marcar presença com estilo.,Linho Columbia 317
Zoe,Organico,33,Estilo que transforma espaços com personalidade.,Linho Brooks 191
Lucy,Organico,34,Couro 1002 Simplicidade elegante para momentos inesquecíveis.,
Luna,Organico,35,Um design que ilumina o ambiente e o coração.,Linho Piemont 331
Chesterfield,Neo Classico,38,"Cada detalhe, um convite à elegância atemporal. Couro 1002",
Allure,Neo Classico,40,Design que seduz e transforma com elegância. Couro 1001,
Lorenzo,Neo Classico,42,"Peças que combinam história, conforto e arte.",Sued Veludo 148
Óregon,Neo Classico,44,Conforto inspirado na natureza e na modernidade.,Linho Brooks 189
Sevilha,Neo Classico,46,Um clássico reimaginado com novos detalhes.,Linho Brooks 189
Costela,Neo Classico,48,Formas icônicas para momentos únicos.,Linho Aston 341
Duomo,Moderno,52,Conforto que eleva o padrão de soﬁ sticação.,Linho Aston 341
Milano,Moderno,54,Linhas modernas que celebram o design europeu.,Linho Lucca 333
Antares,Moderno,56,Uma peça que reﬂ ete o luxo do conforto.,Linho Itacaré 321
Austin,Moderno,58,Conforto inspirado na natureza e na modernidade.,Linho Brooks 189
Madri,Moderno,60,"Conforto que abraça, beleza que impressiona.",Linho Lucca 332
Domini,Moderno,62,Design que comanda atenção em qualquer ambiente.,Linho Brooks 189
Valentina,Moderno,64,A peça perfeita para quem aprecia o belo.,Linho Lucca 333
Soft,Moderno,66,O equilíbrio perfeito entre conforto e estilo.,Bouclé Sheep 310
Hope,Moderno,68,Esperança traduzida em conforto para o seu lar.,Linho Saﬁ ra 344
Bela,Moderno,70,Formas icônicas para momentos únicos.,Linho Aston 340
DreamBox,Compactos,74,Design funcional que não abre mão do estilo.,Bouclé Alaska 161
Prático Confort,Compactos,76,Soluções inteligentes para espaços inovadores.,Linho Diamond 319
